Show, Episode, Time Added, Language
Samayou Yaiba (2021),EP 3,53 minutes ago,SUB
To Fly With You (2021),EP 14,54 minutes ago,SUB
Saiai (2021),EP 7,1 hour ago,RAW
Shinhannin Flag (2021),EP 7,1 hour ago,RAW
Shukan Tsuikyu Premium (2021),EP 2,2 hours ago,RAW
Wadake no Otokotachi (2021),EP 6,2 hours ago,RAW
To Fly With You (2021),EP 15,2 hours ago,RAW
The Psychologist (2021),EP 16,2 hours ago,RAW
The Unknown- Legend of Exorcist Zhong Kui (2021),EP 40,2 hours ago,RAW
The Memory About You (2021),EP 10,2 hours ago,RAW
The Memory About You (2021),EP 8,2 hours ago,SUB
Love in Shanghai (2021),EP 26,3 hours ago,RAW
Happiness Is Easy (2021),EP 24,3 hours ago,RAW
Fall In Love (2021),EP 26,3 hours ago,RAW
The Happy Life of People-s Policeman Lao Lin (2021),EP 10,3 hours ago,RAW
Me and my three sisters (2021),EP 31,3 hours ago,RAW
Heart of Loyalty (2021),EP 6,3 hours ago,RAW
Can-t look directly (2021),EP 24,4 hours ago,RAW
The Second Husband (2021),EP 72,6 hours ago,SUB
Red Shoes (2021),EP 91,6 hours ago,SUB
Secret Royal Inspector Joy (2021),EP 7,7 hours ago,SUB
The King-s Affection (2021),EP 15,11 hours ago,SUB
Idol- The Coup (2021),EP 7,11 hours ago,SUB
Novoland- Pearl Eclipse (2021),EP 36,12 hours ago,SUB
Marvelous Woman (2021),EP 35,12 hours ago,SUB
The Unknown- Legend of Exorcist Zhong Kui (2021),EP 29,12 hours ago,SUB
Heartbeat Love (2021),EP 16,17 hours ago,SUB
Soredemo Ai wo Chikaimasu ka? (2021),EP 8,17 hours ago,SUB
Gunjo Ryoiki (2021),EP 6,17 hours ago,SUB
Koi Desu- Yankee-kun to Hakujou Garu (2021),EP 6,17 hours ago,SUB
Rainless Love in a Godless Land (2021),EP 8,18 hours ago,SUB
Bad Buddy (2021),EP 5,19 hours ago,RAW
Kikai Sentai Zenkaiger,EP 37,19 hours ago,SUB
Party A Who Lives Beside Me (2021),EP 10,19 hours ago,SUB
The Psychologist (2021),EP 13,19 hours ago,SUB
Are We Alright? (2021),EP 5,1 day ago,SUB
Here Is My Exclusive Indulge (2021),EP 34,1 day ago,SUB
Unsolved Cases of Kung Fu- Portrait of Beauty,EP 16,1 day ago,SUB
Delicious Romance (2021),EP 10,1 day ago,RAW
Chimera (2021),EP 10,1 day ago,SUB
A Gentleman and a Young Lady (2021),EP 20,1 day ago,SUB
Shall We Have a Cup of Coffee? (2021),EP 11,1 day ago,SUB
Nihon Chinbotsu- Kibo no Hito (2021),EP 7,1 day ago,SUB
Let Me Be Your Knight (2021),EP 4,1 day ago,SUB
Who-s By Your Side (2021),EP 10,1 day ago,SUB
Crime Puzzle (2021),EP 10,1 day ago,RAW
Zenkamono (2021),EP 2,1 day ago,SUB
Kamen Rider Revice (2021),EP 12,1 day ago,SUB
Kieta Hatsukoi (2021) (Vanishing My First Love),EP 8,1 day ago,SUB
Jirisan (2021),EP 12,1 day ago,SUB
The Ringmaster (2021),EP 4,1 day ago,SUB
A Love of No Words (2021),EP 5,1 day ago,SUB
Switch On (2021),EP 4,1 day ago,SUB
Super Rich (2021),EP 7,1 day ago,SUB
Unhappy Birthday (2021),EP 4,1 day ago,SUB
Work Later  Drink Now (2021),EP 12,1 day ago,SUB
Project 17- Skate Our Souls,EP 6,1 day ago,SUB
Super Snoops,EP 20,1 day ago,RAW
Furuhata Final,EP 3,2 days ago,SUB
O-Edo Steam Punk,EP 2,2 days ago,SUB
The Legend of Daiyu (2010),EP 24,2 days ago,SUB
Adult Trainee (2021),EP 6,2 days ago,SUB
The Red Sleeve Cuff (2021),EP 6,2 days ago,SUB
Happiness (2021),EP 8,2 days ago,SUB
One Ordinary Day (2021),EP 2,2 days ago,SUB
Love With Benefits (2021),EP 2,2 days ago,SUB
Now  We-re Breaking Up (2021),EP 6,2 days ago,SUB
Ultraman Trigger NEW GENERATION TIGA (2021),EP 19,2 days ago,SUB
Fly  Again (2021),EP 5,2 days ago,SUB
Shadow Beauty (2021),EP 4,2 days ago,SUB
Shinhannin Flag (2021),EP 6,2 days ago,SUB
Come Home Love (2012),EP 420,2 days ago,RAW
